id;atpartner_id;atpartner_ulid_id;pan;pan_status;name;aadhar;aadhar_otp;aadhar_status;aadhar_name;aadhar_address
1;10118;transcript sympathetically helium;fiery afore;abaft;dangerous industrialization;qua;ravioli;busily furthermore opposite;optimization majestically babushka;rue who
2;27976;woot;silver;but uncertainty;whoever mmm;terrific;guilder paddle hmph;skirt excluding;mouton but burn;tedious hm nervous
3;16271;whose;impure;loose beyond;till sandy willing;to arctic sling;er;how selfish;verbally ack burial;evergreen hoarse
4;6933;cruelty abate gadzooks;than zowie;canalise thrift meh;behind psst or;dependent elderly;apud;likewise while;rigidly paltry oh;reboot nothing
5;9395;edible;tweak masquerade exact;absent when;for;list;rightfully an;armrest;quietly whet;range harvest
6;7168;monumental gang;means;boohoo;congratulate;swift beach figurine;aha lieu slow;an since;fondly;so presage bulk
7;19749;quit;bleakly atone onto;wherever;but lest;bassoon upright;coaxingly under gently;buzz;gleaming;only able though
8;18584;teleconference for;trivialise practise neatly;well-worn baulk unto;plus;gee upside-down vainly;bah;plastic dare;in bathtub;cheetah
9;2651;oof so utterly;expose;troubled hitch dazzling;properly seriously;suspiciously revolving young;octet;now trousers disguised;to absentmindedly;redirect soft carelessly
10;30048;authorisation;ick scented;up;leaver toaster telex;gosh ha timetable;prize;meh sure-footed regarding;musty drat;zowie conceal disaffiliate
