id;transaction_id;transaction_date;action;user_id;tenant_id;cp_code;msgpayload
1;although;beyond bah yahoo;thwart harsh unfinished;above roam;serialise basket duh;after why;whenever
2;properly;bacterium until;deliberately;mid vaguely verdict;lest fervently beating;often;mother
3;cake phew;astrolabe athwart possession;via;deepen derrick;swift meager;library;poppy quote uneven
4;smog;gosh unmask socialise;ouch;intimidate trophy;impress;comply incubate general;fat yum
5;doe generally yet;meanwhile zowie;woot clothes whose;or hence;where;oof;whoa sovereignty
6;peal indolent;drat;ick dissemination;never even equally;pelican hm;exactly wrongly along;instead concerning yum
7;grouchy;since;understated;unless casket ashamed;id;likewise yowza;unveil
8;chaperon yippee;upbeat who gah;philosophy after;keyboard slide joyfully;orient;lonely down hmph;phew
9;excepting efficacy;ouch beside fortunately;grateful;ouch;although frozen;cheer;ouch anenst tidy
10;upliftingly puzzling;wedge following;why;huzzah;as but sadly;uh-huh;whereas than shrilly
