id;cre_observations_id;cre_observations_ulid_id;cre_request_id;observations
1;28863;swiftly duh;dub;sternly whirlwind overstay
2;12289;blunder;jive till lest;genius harsh
3;20401;careless;yowza;where barrel unless
4;9293;astride fooey;fold entry;dense nicety
5;7838;delightfully tart alongside;between instead whoever;whether election
6;30533;gee;where;black-and-white of computerise
7;22999;fooey ratchet derogate;edible;energetically aboard
8;27882;ouch;oversimplify movie;cocktail frail continuity
9;1237;enrage fluffy language;heavy that blindly;though tote fiction
10;700;boo;beside gah yum;hence cool agreeable
