id;fp_id;fp_ulid_id;tenant_id;org_id;customer_name;org_name;gst_id;phone_number;tos_document
1;2145;expand absent;wearily;ambassador without;crafty lavish;stump;mature scamper drat;25268;counterbalance pfft enzyme
2;9359;yet bountiful;outgoing initial;fooey sunny;advanced but;monumental unban;rack furthermore;4454;justly above
3;23089;so ukulele;eventually crayon;round defiantly chatter;whoa;delegate;boo;25608;restfully quietly naughty
4;30349;measly;transit;stale;tepid but;trudge reminisce;who athwart;20208;valentine
5;29054;reprove;brand gah;whether reorganization;elimination woot yowza;hotel;meanwhile reserve;21661;flair courageously
6;22523;incubate yesterday;lightly continually uh-huh;shady;for boo;esteemed;between whether comprise;18583;yuck yet than
7;9275;arrogantly that lest;elicit;famously thrifty savage;internal;long;gleefully;14580;likewise beating
8;4294;bachelor;emergent consequently relieved;ew lest tremendously;individualise strait;violently poll;underline supportive;32718;nag
9;15068;shrilly;separately;fiddle;meaningfully;but huzzah cookie;incomparable aw jungle;31899;stingy velvety
10;4806;catalyst worth;farming;fig lean;finish zowie;wearily via after;component tenderly luminous;5258;eek till ornery
