id;org_id;org_ulid_id;org_name;org_address;industry_type;tenant_id
1;3889;atop married excitable;enthusiastically instead;finally weather;unless where;numb glamorous worst
2;11881;even;starry times geez;ew granular though;murmur once;usefully
3;19628;shamble;astride except eek;beyond yearningly cross;through international;impediment plus
4;25920;mmm following colligate;backpack bright;bah;towards by;sweaty
5;7639;schlepp bull vector;swath within across;infamous ouch revise;after sir jail;uh-huh partnership
6;30951;till hilarious string;downright eek;total following cliff;cruelty;faithfully
7;20682;sympathetically;triumphantly uncork before;instead;next;monthly
8;27744;near;flour spot;beyond bravely seminar;broadly acidly wrongly;song assent failing
9;9386;um;feud;reset meh;predate despite loincloth;although
10;26243;above frantically;boulder;scientific;distinct until;keenly owlishly humongous
