id;participant_settlement_id;participant_settlement_ulid_id;participant_id;participant_name;gst_id;settlement_type;settlement_amount;settlement_date;settlement_due_date;settlement_contact_info;patron_of_payment;recipient_of_payment;settlement_method;tenant_id;acc_name;ifsc_code;acc_number;doc_id
1;25332;phooey um finally;10006;hourly fully;since zowie deprecate;unto;11760;expert gutter inside;circa;unplug neatly around;or ack defrag;demarcate pint;awkwardly;21277;fathom instead;bah;25270;rightfully plus
2;18424;gah jumpy;28870;meanwhile positively gee;instead epoxy overuse;bolt forenenst;6670;aha;until newsstand;while as for;ew subject yum;off sideburns;or;27525;alongside;psst;11482;writhing braces
3;3654;nicety;6074;before waffle;optimal authenticate;keenly;27054;gadzooks;helplessly frenetically;irresponsible;yum;parade loudly;worried phooey evolution;16250;anti breakable;drat above;30936;athwart
4;29760;yowza ick;13923;yawningly;frankly poorly;zowie;10940;knottily texture queasily;ouch total;bivouac clever;unexpectedly;era wiggly creamy;triumph dryer;17428;since alternate posh;belong given blah;13404;kindhearted
5;12315;pish;27314;spring ninja;yoke why imaginary;doting;29053;fatally how above;fillet whoa;lands fondly yuck;fitting;quaintly card pro;restrict bashfully muffled;26557;certainly;shear particular;19525;up
6;23949;turf apropos meager;31348;versus how neatly;lively;dry toot;11579;question except despite;off uh-huh;openly;triumphantly;eavesdropper gadzooks kind;underneath fair revenue;9334;synchronize;burden general;5015;grant definitive
7;31224;specialist fiercely huzzah;1361;stuff astride consequently;suspiciously;emphasise huzzah;1243;besides unlike;compete flashy chairlift;despite clip;boundary;even unlike;unwelcome infantile;16842;than though;ah;31356;loiter backpack till
8;29192;whose plum;15849;sick bayonet amidst;meanwhile aching;tote uh-huh capon;32162;blah clean;careful;certainly;of offensively;huzzah aha might;upright impropriety intelligent;28634;scarcely disguised;throughout;1428;before as decant
9;18447;squirt gosh deliberately;22302;weigh;or even;obediently;20379;recession apud judgementally;amazing;wrinkle;round forenenst;despite huzzah because;bad inflammation;23641;closely;blackbird globe fully;6877;criticism acclimatise
10;10618;trigger;1355;morphology benchmark;dollarize meanwhile;barren fixed aha;20789;composed;youthful once;fine until dead;unless obediently;questioner upward provided;upon fair incinerate;8180;common impressionable misplace;that;4249;apud wherever that
