id;prospect_request_id;prospect_request_ulid_id;anchor_trader_id;request_amount;prospect_request_date;currency
1;9562;anenst interrogate;20172;gavel cheery duh;2024-03-06;ack
2;23486;raise;31959;bleakly;2024-03-05;dictionary shimmering conversion
3;5376;seal yuck under;26576;rapidly offensively;2024-03-05;impeccable
4;6894;yowza;3562;worth loquat solemnly;2024-03-05;sherry
5;1163;yahoo like democracy;22460;mountainous modulo fairly;2024-03-05;pish traumatize querulous
6;4132;an;3241;pish gadzooks nibble;2024-03-05;pussyfoot
7;6646;drat likewise likewise;27724;disgust ick;2024-03-06;sympathize up toad
8;25887;inasmuch;5677;unacceptable elegantly out;2024-03-05;querulous
9;23573;honestly;8206;regarding grateful;2024-03-05;browbeat
10;5686;fooey;11519;populate oof;2024-03-06;finally
