id;va_id;pooling_acc_number;virtual_acc_number;va_status;finance_request_id;sub_group_id
1;13784;giggle vast hence;brr;dirt eek noisily;30439;merrily
2;2557;phew quirkily;gang;wicked although ratepayer;27668;mindless
3;23909;cocktail while;gee who admission;yum ugh pollinate;9040;ick
4;3475;meanwhile freely;recur;likewise apud welcome;17317;finally
5;6272;cable wearily;blocker scatter;venue although enroll;27337;intention furthermore um
6;4669;crafty;nervously;functional snooper;21175;so
7;6807;ha;and as cheerfully;never;18;woot irritably fondly
8;7319;eek er correctly;within kookily geez;searchingly;16698;before psst rice
9;9447;too misplace gah;mineral;too yippee;31642;rating afterwards extricate
10;30746;rash;certificate following accidentally;why even grave;17911;mmm angrily whole
